Metric,Value
Train RMSE,10.860892157730285
Test RMSE,21.208243365677383
Test MAE,14.583120353114795
Test R²,0.9829146819498673
